<?xml version="1.0" encoding="UTF-8"?>
<beans xmlns="http://www.springframework.org/schema/beans"
       xmlns:xsi="http://www.w3.org/2001/XMLSchema-instance"
       xsi:schemaLocation="http://www.springframework.org/schema/beans http://www.springframework.org/schema/beans/spring-beans.xsd">


    <bean id="jay" class="edu.bjtu.IocSample1.bean.Person">
        <property name="name" value="jay"/>
        <property name="address" value="Japan"/>
        <property name="age" value="21"/>
    </bean>

    <bean id="collectionClass" class="edu.bjtu.IocSample1.collections.CollectionClass">
        <!-- java.util.List -->
        <property name="lists">
            <!-- List 属性既可以通过 <value> 注入字符串，也可以通过 <ref> 注入容器中其他的 Bean-->
            <list>
                <value>1</value>
                <ref bean="jay"/>
                <value>2</value>
                <bean class="edu.bjtu.IocSample1.bean.Person">
                    <property name="name" value="maijz"/>
                    <property name="address" value="China"/>
                    <property name="age" value="25"/>
                </bean>
            </list>
        </property>

        <!-- java.util.Set -->
        <property name="sets">
            <!--Set 与 List 类似-->
            <set>
                <value>1</value>
                <ref bean="jay"/>
                <bean class="edu.bjtu.IocSample1.bean.Person">
                    <property name="name" value="maijz"/>
                    <property name="address" value="China"/>
                    <property name="age" value="25"/>
                </bean>
            </set>
        </property>

        <!-- java.util.Map -->
        <property name="maps">
            <!--一个 entry 就是一个 Map 元素-->
            <map>
                <entry key="Key 1" value="1"/>
                <entry key="Key 2" value-ref="jay"/>
                <entry key="Key 3">
                    <bean class="edu.bjtu.IocSample1.bean.Person">
                        <property name="name" value="maijz"/>
                        <property name="address" value="China"/>
                        <property name="age" value="25"/>
                    </bean>
                </entry>
            </map>
        </property>

        <!-- java.util.Properties -->
        <property name="pros">
            <!-- Properties 类型类似于Map 类型的特例，Map 元素的键值可以对应任何类型的对象， 但是Properties只能是字符串-->
            <props>
                <prop key="admin">admin@sse.bjtu.edu</prop>
                <prop key="support">support@sse.bjtu.edu</prop>
            </props>
        </property>
    </bean>
</beans>