<?xml version="1.0" encoding="UTF-8"?>
<beans xmlns="http://www.springframework.org/schema/beans"
       xmlns:xsi="http://www.w3.org/2001/XMLSchema-instance"
       xmlns:p="http://www.springframework.org/schema/p"
       xmlns:context="http://www.springframework.org/schema/context"
       xsi:schemaLocation="http://www.springframework.org/schema/beans http://www.springframework.org/schema/beans/spring-beans.xsd http://www.springframework.org/schema/context http://www.springframework.org/schema/context/spring-context-3.2.xsd">

    <context:component-scan base-package="edu.bjtu.IocSample1" />
    
    <bean id="fileNameGenerator" class="edu.bjtu.IocSample1.bean.FileNameGenerator">
        <property name="name">
            <value>maijz</value>
        </property>
        <property name="type" value="person"/>
    </bean>

    <!-- 这种设置属性的方式需要添加：xmlns:p="http://www.springframework.org/schema/p" -->
    <bean id="fileNameGenerator2" class="edu.bjtu.IocSample1.bean.FileNameGenerator"
          p:name="maijz" p:type="person"/>

    <bean id="personJay" class="edu.bjtu.IocSample1.bean.Person">
        <property name="name" value="jay"/>
        <property name="age" value="19"/>
        <property name="address" value="China"/>
    </bean>
    <bean id="personTom" class="edu.bjtu.IocSample1.bean.Person">
        <property name="name" value="tom"/>
        <property name="age" value="33"/>
        <property name="address" value="Japan"/>
    </bean>
    <bean id="customerTom" class="edu.bjtu.IocSample1.customer.Customer">
        <constructor-arg ref="personTom"/>
    </bean>
    <bean id="customerJay" class="edu.bjtu.IocSample1.customer.Customer">
        <constructor-arg ref="personJay"/>
    </bean>
    <!-- 内部Bean -->
    <bean id="customerMinna" class="edu.bjtu.IocSample1.customer.Customer">
        <constructor-arg>
            <bean class="edu.bjtu.IocSample1.bean.Person">
                <property name="name" value="minna"/>
                <property name="address" value="America"/>
                <property name="age" value="18"/>
            </bean>
        </constructor-arg>
    </bean>

    <!-- 默认作用域为单例 -->
    <bean id="customerService" class="edu.bjtu.IocSample1.customer.services.CustomerService"/>
    <!-- 改变作用域为多例 -->
    <bean id="customerServicePro" class="edu.bjtu.IocSample1.customer.services.CustomerService"
          scope="prototype"/>


</beans>